"Unnamed Column","Charleston","Houston","Long Beach","Los Angeles","NY-NJ","Oakland","Port of VA","Savannah","Sea-Tac","Total"
"2020 Jan 01 12:00:00 AM","211,020","268,773","626,829","806,144","617,024","211,250","227,234","377,672","219,245","3,565,191"
"2020 Feb 01 12:00:00 AM","197,214","255,474","538,428","544,037","579,124","180,226","207,816","364,406","212,374","3,079,099"
"2020 Mar 01 12:00:00 AM","185,632","248,840","517,664","449,568","560,830","190,189","219,315","335,789","201,914","2,909,741"
"2020 Apr 01 12:00:00 AM","176,151","221,540","519,731","688,999","559,929","201,918","207,244","337,891","193,967","3,107,370"
"2020 May 01 12:00:00 AM","169,706","222,250","628,206","581,665","537,412","185,595","201,837","337,360","183,430","3,047,461"
"2020 Jun 01 12:00:00 AM","156,493","210,932","602,180","691,475","511,306","199,011","210,669","338,287","222,388","3,142,741"
"2020 Jul 01 12:00:00 AM","176,974","234,737","753,082","856,389","607,463","219,080","221,029","360,696","206,272","3,635,722"
"2020 Aug 01 12:00:00 AM","208,837","248,630","725,611","961,833","688,365","225,489","247,349","441,596","214,632","3,962,342"
"2020 Sep 01 12:00:00 AM","195,101","254,405","795,580","883,625","720,969","225,807","256,439","412,138","246,854","3,990,918"
"2020 Oct 01 12:00:00 AM","216,197","296,210","806,603","980,729","755,437","216,665","274,215","464,095","238,740","4,248,891"
"2020 Nov 01 12:00:00 AM","207,067","262,930","753,524","889,746","738,885","197,695","279,868","464,805","249,319","4,043,839"
"2020 Dec 01 12:00:00 AM","209,607","276,443","815,886","879,186","709,075","208,340","260,401","447,520","246,594","4,053,052"
"2021 Jan 01 12:00:00 AM","216,265","255,039","764,007","835,516","721,284","199,098","270,969","459,607","239,185","3,960,970"
"2021 Feb 01 12:00:00 AM","182,269","198,763","771,735","799,315","625,120","190,489","248,526","390,804","217,241","3,624,262"
"2021 Mar 01 12:00:00 AM","248,797","297,397","840,386","957,599","789,776","241,468","279,514","498,065","275,483","4,428,485"
"2021 Apr 01 12:00:00 AM","225,136","275,840","746,189","946,966","712,799","221,838","286,405","466,634","241,606","4,123,413"
"2021 May 01 12:00:00 AM","230,871","288,127","907,216","1,012,048","796,423","226,406","314,941","478,621","270,678","4,525,331"
"2021 Jun 01 12:00:00 AM","231,759","292,587","724,297","876,430","749,400","222,483","281,346","446,814","270,595","4,095,711"
"2021 Jul 01 12:00:00 AM","244,822","297,621","784,846","890,800","758,810","211,396","293,127","449,915","246,556","4,177,893"
"2021 Aug 01 12:00:00 AM","234,689","320,086","807,705","954,377","780,782","220,052","307,023","485,595","245,829","4,356,138"
"2021 Sep 01 12:00:00 AM","205,008","281,500","748,473","903,865","724,418","182,935","306,217","472,062","267,622","4,092,100"
"2021 Oct 01 12:00:00 AM","234,923","328,486","789,716","902,644","796,704","173,310","318,482","504,347","253,164","4,301,776"
"2021 Nov 01 12:00:00 AM","250,711","314,576","745,489","811,460","759,390","189,111","290,760","495,749","263,861","4,121,107"
"2021 Dec 01 12:00:00 AM","246,199","303,204","754,314","786,589","770,753","169,661","325,527","464,951","200,307","4,021,505"
"2022 Jan 01 12:00:00 AM","226,516","323,427","800,944","865,595","765,050","193,205","262,020","476,713","223,443","4,136,913"
"2022 Feb 01 12:00:00 AM","230,420","271,399","796,560","857,764","759,248","194,388","296,202","460,413","244,896","4,111,290"
"2022 Mar 01 12:00:00 AM","264,334","308,557","863,156","958,674","862,117","214,460","314,698","444,690","266,261","4,496,947"
"2022 Apr 01 12:00:00 AM","264,098","334,493","820,719","887,357","802,963","188,495","323,244","495,783","206,960","4,324,112"
"2022 May 01 12:00:00 AM","255,105","335,366","890,989","967,900","845,305","224,298","341,611","519,388","253,883","4,633,845"
"2022 Jun 01 12:00:00 AM","196,225","323,823","835,412","876,611","859,953","215,953","316,250","494,107","240,942","4,359,276"
"2022 Jul 01 12:00:00 AM","216,098","328,498","785,843","935,424","776,167","160,356","317,691","530,800","194,193","4,245,069"
"2022 Aug 01 12:00:00 AM","223,412","382,842","806,940","805,315","843,191","211,123","340,925","575,515","216,018","4,405,281"
"2022 Sep 01 12:00:00 AM","226,808","353,524","741,823","709,873","842,219","184,729","312,230","436,279","215,599","4,023,084"
"2022 Oct 01 12:00:00 AM","256,879","371,994","658,428","678,429","792,548","202,487","318,452","552,806","211,781","4,043,804"
"2022 Nov 01 12:00:00 AM","213,073","348,950","588,743","639,344","723,069","184,607","285,944","464,883","188,586","3,637,199"
"2022 Dec 01 12:00:00 AM","219,350","288,027","544,105","728,872","613,011","163,028","273,966","440,760","186,986","3,458,105"
"2023 Jan 01 12:00:00 AM","215,239","319,990","573,773","726,014","645,430","179,228","288,380","421,714","164,683","3,534,450"
"2023 Feb 01 12:00:00 AM","201,419","313,452","543,676","487,846","571,177","153,837","256,967","394,793","176,119","3,099,286"
"2023 Mar 01 12:00:00 AM","193,085","300,589","603,879","623,231","574,425","170,266","248,815","367,880","178,658","3,260,828"
"2023 Apr 01 12:00:00 AM","214,101","307,879","656,050","688,110","648,462","174,482","256,414","408,686","174,371","3,528,555"
"2023 May 01 12:00:00 AM","198,824","300,482","758,226","779,140","676,311","178,513","265,875","400,511","163,947","3,721,829"
"2023 Jun 01 12:00:00 AM","203,092","315,983","597,076","833,035","624,512","155,827","263,998","381,826","185,139","3,560,488"
"2023 Jul 01 12:00:00 AM","208,134","344,163","578,250","684,291","725,479","181,555","298,202","447,587","162,273","3,629,934"
"2023 Aug 01 12:00:00 AM","203,170","307,624","682,313","828,016","662,740","179,162","287,233","413,294","169,359","3,732,911"
